instance_id,n_vars,n_clauses,method,satisfiable,time_seconds,solution
1,4,10,BruteForce,U,1.8291175365447998e-05,{}
2,4,10,BruteForce,S,1.1999858543276787e-05,"{1: 0, 2: 1, 3: 1, 4: 1}"
3,4,10,BruteForce,U,6.4999330788850784e-06,{}
4,4,10,BruteForce,S,2.458924427628517e-06,"{1: 1, 2: 0, 3: 0, 4: 0}"
5,4,10,BruteForce,S,4.582805559039116e-06,"{1: 0, 2: 0, 3: 1, 4: 1}"
6,4,10,BruteForce,S,5.500158295035362e-06,"{1: 1, 2: 1, 3: 0, 4: 1}"
7,4,10,BruteForce,S,1.708976924419403e-06,"{1: 0, 2: 0, 3: 0, 4: 0}"
8,4,10,BruteForce,U,5.00003807246685e-06,{}
9,4,10,BruteForce,U,4.999805241823196e-06,{}
10,4,10,BruteForce,U,4.875008016824722e-06,{}
11,8,16,BruteForce,U,9.770807810127735e-05,{}
12,8,16,BruteForce,U,8.383393287658691e-05,{}
13,8,16,BruteForce,S,2.745911478996277e-05,"{1: 1, 2: 0, 3: 0, 4: 0, 5: 1, 6: 0, 7: 1, 8: 0}"
14,8,16,BruteForce,S,7.337494753301144e-05,"{1: 0, 2: 1, 3: 0, 4: 0, 5: 1, 6: 1, 7: 1, 8: 1}"
15,8,16,BruteForce,U,0.00010733399540185928,{}
16,8,16,BruteForce,U,7.13749323040247e-05,{}
17,8,16,BruteForce,S,1.812516711652279e-05,"{1: 1, 2: 0, 3: 0, 4: 0, 5: 0, 6: 0, 7: 1, 8: 0}"
18,8,16,BruteForce,U,7.262500002980232e-05,{}
19,8,16,BruteForce,S,3.0166003853082657e-05,"{1: 0, 2: 1, 3: 0, 4: 0, 5: 0, 6: 1, 7: 1, 8: 0}"
20,8,16,BruteForce,S,6.566708907485008e-05,"{1: 1, 2: 0, 3: 1, 4: 0, 5: 1, 6: 1, 7: 1, 8: 1}"
21,12,24,BruteForce,S,0.0003063750918954611,"{1: 1, 2: 1, 3: 1, 4: 0, 5: 1, 6: 1, 7: 1, 8: 0, 9: 0, 10: 0, 11: 1, 12: 0}"
22,12,24,BruteForce,S,0.0002883330453187227,"{1: 0, 2: 0, 3: 0, 4: 0, 5: 0, 6: 0, 7: 0, 8: 1, 9: 1, 10: 1, 11: 0, 12: 0}"
23,12,24,BruteForce,U,0.0012616671156138182,{}
24,12,24,BruteForce,U,0.001115625025704503,{}
25,12,24,BruteForce,S,7.624994032084942e-05,"{1: 1, 2: 0, 3: 1, 4: 1, 5: 0, 6: 0, 7: 1, 8: 1, 9: 0, 10: 0, 11: 0, 12: 0}"
26,12,24,BruteForce,U,0.0013353750109672546,{}
27,12,24,BruteForce,U,0.0011027911677956581,{}
28,12,24,BruteForce,S,0.0014202920719981194,"{1: 1, 2: 0, 3: 1, 4: 0, 5: 1, 6: 0, 7: 0, 8: 0, 9: 0, 10: 1, 11: 1, 12: 1}"
29,12,24,BruteForce,U,0.0016776251140981913,{}
30,12,24,BruteForce,S,0.000659791985526681,"{1: 0, 2: 0, 3: 1, 4: 1, 5: 0, 6: 1, 7: 1, 8: 1, 9: 1, 10: 1, 11: 1, 12: 0}"
31,16,32,BruteForce,S,0.0023044580593705177,"{1: 0, 2: 0, 3: 0, 4: 1, 5: 0, 6: 1, 7: 1, 8: 0, 9: 1, 10: 0, 11: 0, 12: 1, 13: 1, 14: 0, 15: 0, 16: 0}"
32,16,32,BruteForce,U,0.02088966709561646,{}
33,16,32,BruteForce,S,0.02087779203429818,"{1: 0, 2: 1, 3: 0, 4: 1, 5: 0, 6: 1, 7: 0, 8: 1, 9: 1, 10: 1, 11: 0, 12: 0, 13: 1, 14: 1, 15: 1, 16: 1}"
34,16,32,BruteForce,S,0.018487832974642515,"{1: 0, 2: 1, 3: 0, 4: 1, 5: 1, 6: 0, 7: 0, 8: 0, 9: 0, 10: 1, 11: 0, 12: 1, 13: 1, 14: 0, 15: 1, 16: 1}"
35,16,32,BruteForce,U,0.017146583180874586,{}
36,16,32,BruteForce,S,0.019848625175654888,"{1: 1, 2: 1, 3: 0, 4: 1, 5: 0, 6: 0, 7: 0, 8: 1, 9: 0, 10: 1, 11: 0, 12: 1, 13: 0, 14: 1, 15: 1, 16: 1}"
37,16,32,BruteForce,U,0.019197999965399504,{}
38,16,32,BruteForce,U,0.023931333096697927,{}
39,16,32,BruteForce,S,0.006319290958344936,"{1: 1, 2: 0, 3: 1, 4: 1, 5: 0, 6: 0, 7: 1, 8: 0, 9: 0, 10: 0, 11: 1, 12: 1, 13: 0, 14: 0, 15: 1, 16: 0}"
40,16,32,BruteForce,U,0.021582084009423852,{}
41,18,36,BruteForce,U,0.0826896249782294,{}
42,18,36,BruteForce,U,0.09679666697047651,{}
43,18,36,BruteForce,U,0.08422075002454221,{}
44,18,36,BruteForce,U,0.07589754182845354,{}
45,18,36,BruteForce,U,0.07727229199372232,{}
46,18,36,BruteForce,U,0.0879571249242872,{}
47,18,36,BruteForce,U,0.08284416585229337,{}
48,18,36,BruteForce,S,0.009003832936286926,"{1: 1, 2: 1, 3: 1, 4: 0, 5: 1, 6: 0, 7: 0, 8: 0, 9: 0, 10: 0, 11: 0, 12: 0, 13: 1, 14: 0, 15: 1, 16: 0, 17: 0, 18: 0}"
49,18,36,BruteForce,U,0.08794454182498157,{}
50,18,36,BruteForce,S,0.0004610419273376465,"{1: 0, 2: 0, 3: 1, 4: 1, 5: 0, 6: 0, 7: 0, 8: 0, 9: 1, 10: 0, 11: 1, 12: 0, 13: 0, 14: 0, 15: 0, 16: 0, 17: 0, 18: 0}"
51,20,40,BruteForce,U,0.32899341685697436,{}
52,20,40,BruteForce,U,0.29232808318920434,{}
53,20,40,BruteForce,S,0.2234740830026567,"{1: 0, 2: 0, 3: 1, 4: 0, 5: 0, 6: 1, 7: 1, 8: 0, 9: 0, 10: 0, 11: 0, 12: 0, 13: 1, 14: 0, 15: 1, 16: 0, 17: 1, 18: 0, 19: 0, 20: 1}"
54,20,40,BruteForce,U,0.3549155828077346,{}
55,20,40,BruteForce,U,0.35660095885396004,{}
56,20,40,BruteForce,U,0.36135304206982255,{}
57,20,40,BruteForce,U,0.34960491699166596,{}
58,20,40,BruteForce,S,0.14118783292360604,"{1: 1, 2: 1, 3: 0, 4: 0, 5: 0, 6: 1, 7: 0, 8: 0, 9: 0, 10: 0, 11: 0, 12: 1, 13: 0, 14: 0, 15: 1, 16: 1, 17: 0, 18: 1, 19: 1, 20: 0}"
59,20,40,BruteForce,U,0.3334553341846913,{}
60,20,40,BruteForce,S,0.05787179106846452,"{1: 0, 2: 0, 3: 0, 4: 0, 5: 1, 6: 0, 7: 0, 8: 0, 9: 0, 10: 0, 11: 0, 12: 1, 13: 0, 14: 0, 15: 0, 16: 0, 17: 0, 18: 1, 19: 0, 20: 0}"
61,22,44,BruteForce,S,0.3065749160014093,"{1: 1, 2: 0, 3: 1, 4: 1, 5: 1, 6: 0, 7: 1, 8: 0, 9: 1, 10: 0, 11: 1, 12: 0, 13: 1, 14: 0, 15: 0, 16: 0, 17: 0, 18: 0, 19: 1, 20: 1, 21: 0, 22: 0}"
62,22,44,BruteForce,U,1.2811094168573618,{}
63,22,44,BruteForce,U,1.350775749888271,{}
64,22,44,BruteForce,U,1.1767918327823281,{}
65,22,44,BruteForce,U,1.479392166947946,{}
66,22,44,BruteForce,U,1.4403716661036015,{}
67,22,44,BruteForce,U,1.5965459579601884,{}
68,22,44,BruteForce,U,1.4353013329673558,{}
69,22,44,BruteForce,U,1.4545076659414917,{}
70,22,44,BruteForce,U,1.3628616670612246,{}
71,24,48,BruteForce,S,0.157527833012864,"{1: 0, 2: 0, 3: 1, 4: 1, 5: 0, 6: 0, 7: 1, 8: 1, 9: 1, 10: 0, 11: 0, 12: 0, 13: 0, 14: 1, 15: 0, 16: 1, 17: 0, 18: 1, 19: 1, 20: 0, 21: 0, 22: 0, 23: 0, 24: 0}"
72,24,48,BruteForce,U,6.114563166862354,{}
73,24,48,BruteForce,U,5.615431749960408,{}
74,24,48,BruteForce,S,4.4927178339567035,"{1: 0, 2: 1, 3: 1, 4: 1, 5: 0, 6: 1, 7: 0, 8: 1, 9: 0, 10: 0, 11: 0, 12: 0, 13: 0, 14: 1, 15: 0, 16: 0, 17: 0, 18: 0, 19: 1, 20: 0, 21: 1, 22: 0, 23: 1, 24: 1}"
75,24,48,BruteForce,U,6.878778458107263,{}
76,24,48,BruteForce,U,5.3477354580536485,{}
77,24,48,BruteForce,U,5.741042166016996,{}
78,24,48,BruteForce,U,5.432547749951482,{}
79,24,48,BruteForce,U,5.7357677079271525,{}
80,24,48,BruteForce,S,3.3266615418251604,"{1: 0, 2: 0, 3: 1, 4: 1, 5: 1, 6: 0, 7: 0, 8: 1, 9: 1, 10: 1, 11: 1, 12: 0, 13: 0, 14: 1, 15: 1, 16: 0, 17: 0, 18: 1, 19: 0, 20: 0, 21: 0, 22: 0, 23: 0, 24: 1}"
81,4,20,BruteForce,U,2.1166866645216942e-05,{}
82,4,20,BruteForce,S,1.637497916817665e-05,"{1: 1, 2: 0, 3: 0, 4: 0}"
83,4,20,BruteForce,S,7.125083357095718e-06,"{1: 0, 2: 1, 3: 1, 4: 0}"
84,4,20,BruteForce,S,9.58307646214962e-06,"{1: 1, 2: 1, 3: 1, 4: 0}"
85,4,20,BruteForce,U,1.4499993994832039e-05,{}
86,4,20,BruteForce,S,9.416136890649796e-06,"{1: 1, 2: 1, 3: 0, 4: 1}"
87,4,20,BruteForce,U,1.1167023330926895e-05,{}
88,4,20,BruteForce,U,1.1125113815069199e-05,{}
89,4,20,BruteForce,U,1.2042000889778137e-05,{}
90,4,20,BruteForce,S,5.417037755250931e-06,"{1: 1, 2: 0, 3: 1, 4: 0}"
91,8,40,BruteForce,S,8.583394810557365e-05,"{1: 0, 2: 1, 3: 1, 4: 1, 5: 1, 6: 0, 7: 0, 8: 1}"
92,8,40,BruteForce,S,9.958166629076004e-06,"{1: 1, 2: 0, 3: 0, 4: 1, 5: 0, 6: 0, 7: 0, 8: 0}"
93,8,40,BruteForce,S,7.958407513797283e-05,"{1: 1, 2: 0, 3: 0, 4: 1, 5: 0, 6: 1, 7: 1, 8: 0}"
94,8,40,BruteForce,U,0.0002398327924311161,{}
95,8,40,BruteForce,U,0.00014545884914696217,{}
96,8,40,BruteForce,U,0.00015995907597243786,{}
97,8,40,BruteForce,U,0.00016491697169840336,{}
98,8,40,BruteForce,U,0.00017191702499985695,{}
99,8,40,BruteForce,U,0.00012174993753433228,{}
100,8,40,BruteForce,U,0.00016595912165939808,{}
101,12,60,BruteForce,U,0.0027154590934515,{}
102,12,60,BruteForce,S,9.654113091528416e-05,"{1: 0, 2: 0, 3: 0, 4: 1, 5: 0, 6: 1, 7: 0, 8: 0, 9: 0, 10: 0, 11: 0, 12: 0}"
103,12,60,BruteForce,U,0.00271612498909235,{}
104,12,60,BruteForce,S,8.167000487446785e-06,"{1: 1, 2: 0, 3: 0, 4: 0, 5: 0, 6: 0, 7: 0, 8: 0, 9: 0, 10: 0, 11: 0, 12: 0}"
105,12,60,BruteForce,U,0.0024814170319586992,{}
106,12,60,BruteForce,U,0.0028124589007347822,{}
107,12,60,BruteForce,U,0.002734333975240588,{}
108,12,60,BruteForce,U,0.002994209062308073,{}
109,12,60,BruteForce,S,5.441601388156414e-05,"{1: 1, 2: 0, 3: 0, 4: 0, 5: 1, 6: 0, 7: 0, 8: 0, 9: 0, 10: 0, 11: 0, 12: 0}"
110,12,60,BruteForce,U,0.002877082908526063,{}
111,16,80,BruteForce,U,0.045897207921370864,{}
112,16,80,BruteForce,S,0.031035874970257282,"{1: 0, 2: 1, 3: 1, 4: 1, 5: 0, 6: 1, 7: 1, 8: 1, 9: 0, 10: 1, 11: 0, 12: 1, 13: 0, 14: 1, 15: 1, 16: 1}"
113,16,80,BruteForce,U,0.044983166037127376,{}
114,16,80,BruteForce,U,0.043987957993522286,{}
115,16,80,BruteForce,U,0.04112983285449445,{}
116,16,80,BruteForce,U,0.04630300006829202,{}
117,16,80,BruteForce,U,0.04659204091876745,{}
118,16,80,BruteForce,U,0.04134374996647239,{}
119,16,80,BruteForce,U,0.04457841697148979,{}
120,16,80,BruteForce,S,0.0366565000731498,"{1: 0, 2: 0, 3: 0, 4: 1, 5: 0, 6: 0, 7: 1, 8: 0, 9: 0, 10: 1, 11: 1, 12: 1, 13: 1, 14: 0, 15: 1, 16: 1}"
121,18,90,BruteForce,U,0.18064312497153878,{}
122,18,90,BruteForce,U,0.17176308296620846,{}
123,18,90,BruteForce,U,0.207794250221923,{}
124,18,90,BruteForce,U,0.17465354106388986,{}
125,18,90,BruteForce,U,0.17750066611915827,{}
126,18,90,BruteForce,S,0.055957917124032974,"{1: 0, 2: 1, 3: 1, 4: 0, 5: 1, 6: 1, 7: 1, 8: 1, 9: 1, 10: 0, 11: 0, 12: 0, 13: 1, 14: 0, 15: 0, 16: 0, 17: 1, 18: 0}"
127,18,90,BruteForce,S,0.002463707933202386,"{1: 1, 2: 0, 3: 1, 4: 1, 5: 0, 6: 0, 7: 0, 8: 0, 9: 1, 10: 0, 11: 0, 12: 1, 13: 0, 14: 0, 15: 0, 16: 0, 17: 0, 18: 0}"
128,18,90,BruteForce,S,0.15828116587363183,"{1: 1, 2: 0, 3: 0, 4: 1, 5: 1, 6: 0, 7: 1, 8: 1, 9: 0, 10: 0, 11: 0, 12: 0, 13: 1, 14: 1, 15: 0, 16: 1, 17: 1, 18: 1}"
129,18,90,BruteForce,U,0.15613612486049533,{}
130,18,90,BruteForce,S,0.052409375086426735,"{1: 0, 2: 1, 3: 1, 4: 1, 5: 1, 6: 0, 7: 1, 8: 1, 9: 1, 10: 0, 11: 1, 12: 0, 13: 0, 14: 0, 15: 1, 16: 0, 17: 1, 18: 0}"
131,20,100,BruteForce,S,0.5867711249738932,"{1: 1, 2: 1, 3: 0, 4: 0, 5: 1, 6: 0, 7: 0, 8: 1, 9: 1, 10: 0, 11: 1, 12: 1, 13: 0, 14: 0, 15: 0, 16: 1, 17: 1, 18: 1, 19: 0, 20: 1}"
132,20,100,BruteForce,U,0.5985020832158625,{}
133,20,100,BruteForce,S,0.0172734169755131,"{1: 1, 2: 0, 3: 0, 4: 0, 5: 1, 6: 1, 7: 0, 8: 1, 9: 1, 10: 0, 11: 0, 12: 0, 13: 1, 14: 1, 15: 0, 16: 1, 17: 0, 18: 0, 19: 0, 20: 0}"
134,20,100,BruteForce,U,0.7083572088740766,{}
135,20,100,BruteForce,S,0.48632841603830457,"{1: 1, 2: 1, 3: 0, 4: 1, 5: 1, 6: 1, 7: 0, 8: 1, 9: 1, 10: 1, 11: 1, 12: 0, 13: 0, 14: 0, 15: 0, 16: 0, 17: 1, 18: 1, 19: 0, 20: 1}"
136,20,100,BruteForce,U,0.6207028748467565,{}
137,20,100,BruteForce,U,0.7484389590099454,{}
138,20,100,BruteForce,S,0.5522306668572128,"{1: 1, 2: 0, 3: 0, 4: 1, 5: 0, 6: 0, 7: 0, 8: 0, 9: 1, 10: 0, 11: 1, 12: 0, 13: 1, 14: 1, 15: 1, 16: 1, 17: 1, 18: 1, 19: 1, 20: 1}"
139,20,100,BruteForce,U,0.6579292078968138,{}
140,20,100,BruteForce,U,0.7163206660188735,{}
141,22,110,BruteForce,S,1.263303458923474,"{1: 1, 2: 1, 3: 1, 4: 0, 5: 0, 6: 1, 7: 0, 8: 0, 9: 1, 10: 1, 11: 1, 12: 0, 13: 0, 14: 0, 15: 0, 16: 0, 17: 0, 18: 1, 19: 0, 20: 0, 21: 0, 22: 1}"
142,22,110,BruteForce,S,2.116324624978006,"{1: 0, 2: 0, 3: 0, 4: 1, 5: 0, 6: 0, 7: 1, 8: 1, 9: 0, 10: 1, 11: 1, 12: 0, 13: 0, 14: 1, 15: 0, 16: 0, 17: 0, 18: 0, 19: 1, 20: 0, 21: 1, 22: 1}"
143,22,110,BruteForce,U,3.0389255830086768,{}
144,22,110,BruteForce,U,2.7142142499797046,{}
145,22,110,BruteForce,U,2.5612380830571055,{}
146,22,110,BruteForce,U,2.7041993751190603,{}
147,22,110,BruteForce,U,3.3524647920858115,{}
148,22,110,BruteForce,U,2.9464469170197845,{}
149,22,110,BruteForce,S,0.1940602909307927,"{1: 1, 2: 1, 3: 0, 4: 0, 5: 1, 6: 1, 7: 0, 8: 0, 9: 0, 10: 1, 11: 1, 12: 0, 13: 0, 14: 1, 15: 0, 16: 1, 17: 1, 18: 1, 19: 0, 20: 0, 21: 0, 22: 0}"
150,22,110,BruteForce,S,0.1084229159168899,"{1: 0, 2: 0, 3: 1, 4: 1, 5: 0, 6: 1, 7: 0, 8: 0, 9: 0, 10: 0, 11: 1, 12: 1, 13: 1, 14: 1, 15: 0, 16: 1, 17: 0, 18: 1, 19: 0, 20: 0, 21: 0, 22: 0}"
151,24,120,BruteForce,U,11.51732200011611,{}
152,24,120,BruteForce,U,9.46667458419688,{}
153,24,120,BruteForce,U,10.872678624931723,{}
154,24,120,BruteForce,U,10.762319375062361,{}
155,24,120,BruteForce,U,12.59711120906286,{}
156,24,120,BruteForce,U,9.59107270790264,{}
157,24,120,BruteForce,U,10.754925084067509,{}
158,24,120,BruteForce,U,12.708008832996711,{}
159,24,120,BruteForce,U,11.485705957980826,{}
160,24,120,BruteForce,U,10.591399083146825,{}
161,4,40,BruteForce,S,6.016693077981472e-05,"{1: 1, 2: 1, 3: 1, 4: 0}"
162,4,40,BruteForce,U,1.5958910807967186e-05,{}
163,4,40,BruteForce,U,1.5124911442399025e-05,{}
164,4,40,BruteForce,S,1.8875114619731903e-05,"{1: 0, 2: 1, 3: 0, 4: 1}"
165,4,40,BruteForce,S,2.2249994799494743e-05,"{1: 1, 2: 1, 3: 0, 4: 1}"
166,4,40,BruteForce,S,1.295795664191246e-05,"{1: 0, 2: 0, 3: 0, 4: 1}"
167,4,40,BruteForce,S,1.254095695912838e-05,"{1: 0, 2: 0, 3: 1, 4: 0}"
168,4,40,BruteForce,S,7.0410314947366714e-06,"{1: 1, 2: 1, 3: 0, 4: 0}"
169,4,40,BruteForce,S,2.254103310406208e-05,"{1: 1, 2: 1, 3: 1, 4: 1}"
170,4,40,BruteForce,S,7.2498805820941925e-06,"{1: 0, 2: 1, 3: 0, 4: 0}"
171,8,80,BruteForce,S,0.00011854199692606926,"{1: 1, 2: 0, 3: 1, 4: 0, 5: 1, 6: 1, 7: 0, 8: 0}"
172,8,80,BruteForce,S,2.4082837626338005e-05,"{1: 1, 2: 0, 3: 1, 4: 0, 5: 0, 6: 0, 7: 0, 8: 0}"
173,8,80,BruteForce,S,5.087512545287609e-05,"{1: 0, 2: 1, 3: 0, 4: 0, 5: 0, 6: 1, 7: 0, 8: 0}"
174,8,80,BruteForce,S,5.233404226601124e-05,"{1: 1, 2: 0, 3: 1, 4: 1, 5: 0, 6: 1, 7: 0, 8: 0}"
175,8,80,BruteForce,S,2.254219725728035e-05,"{1: 1, 2: 1, 3: 0, 4: 0, 5: 0, 6: 0, 7: 0, 8: 0}"
176,8,80,BruteForce,U,0.00037533300928771496,{}
177,8,80,BruteForce,U,0.0002716248854994774,{}
178,8,80,BruteForce,S,0.0003183751832693815,"{1: 1, 2: 1, 3: 1, 4: 1, 5: 1, 6: 0, 7: 1, 8: 1}"
179,8,80,BruteForce,U,0.0003142501227557659,{}
180,8,80,BruteForce,U,0.0003493749536573887,{}
181,12,120,BruteForce,S,0.0024362499825656414,"{1: 1, 2: 1, 3: 0, 4: 1, 5: 1, 6: 1, 7: 0, 8: 0, 9: 0, 10: 1, 11: 0, 12: 1}"
182,12,120,BruteForce,S,0.004249792080372572,"{1: 0, 2: 1, 3: 1, 4: 1, 5: 0, 6: 0, 7: 0, 8: 0, 9: 1, 10: 1, 11: 0, 12: 1}"
183,12,120,BruteForce,S,7.962482050061226e-05,"{1: 0, 2: 0, 3: 1, 4: 1, 5: 1, 6: 0, 7: 0, 8: 0, 9: 0, 10: 0, 11: 0, 12: 0}"
184,12,120,BruteForce,U,0.006219709059223533,{}
185,12,120,BruteForce,S,0.003171750111505389,"{1: 0, 2: 0, 3: 1, 4: 0, 5: 0, 6: 0, 7: 0, 8: 1, 9: 0, 10: 1, 11: 0, 12: 1}"
186,12,120,BruteForce,S,0.0011428329162299633,"{1: 1, 2: 0, 3: 1, 4: 1, 5: 1, 6: 1, 7: 1, 8: 0, 9: 0, 10: 1, 11: 0, 12: 0}"
187,12,120,BruteForce,U,0.00401966692879796,{}
188,12,120,BruteForce,U,0.006302875000983477,{}
189,12,120,BruteForce,U,0.005051999818533659,{}
190,12,120,BruteForce,U,0.004522082861512899,{}
191,16,160,BruteForce,S,0.04877829202450812,"{1: 0, 2: 0, 3: 1, 4: 1, 5: 0, 6: 0, 7: 1, 8: 1, 9: 1, 10: 1, 11: 0, 12: 0, 13: 0, 14: 1, 15: 1, 16: 0}"
192,16,160,BruteForce,U,0.08397558401338756,{}
193,16,160,BruteForce,U,0.10186595912091434,{}
194,16,160,BruteForce,S,0.02359958295710385,"{1: 0, 2: 1, 3: 0, 4: 0, 5: 1, 6: 1, 7: 0, 8: 0, 9: 0, 10: 1, 11: 0, 12: 1, 13: 1, 14: 1, 15: 0, 16: 0}"
195,16,160,BruteForce,S,0.022820833139121532,"{1: 1, 2: 1, 3: 1, 4: 1, 5: 1, 6: 1, 7: 1, 8: 1, 9: 1, 10: 0, 11: 0, 12: 1, 13: 0, 14: 0, 15: 1, 16: 0}"
196,16,160,BruteForce,U,0.0877391251269728,{}
197,16,160,BruteForce,U,0.09276670892722905,{}
198,16,160,BruteForce,U,0.07988816709257662,{}
199,16,160,BruteForce,S,0.03205516585148871,"{1: 0, 2: 1, 3: 1, 4: 0, 5: 1, 6: 0, 7: 1, 8: 1, 9: 1, 10: 1, 11: 1, 12: 0, 13: 1, 14: 0, 15: 1, 16: 0}"
200,16,160,BruteForce,S,0.00039187492802739143,"{1: 0, 2: 0, 3: 1, 4: 0, 5: 1, 6: 0, 7: 0, 8: 1, 9: 0, 10: 0, 11: 0, 12: 0, 13: 0, 14: 0, 15: 0, 16: 0}"
201,18,180,BruteForce,S,0.02370395790785551,"{1: 1, 2: 1, 3: 1, 4: 0, 5: 1, 6: 1, 7: 0, 8: 0, 9: 1, 10: 1, 11: 1, 12: 0, 13: 0, 14: 0, 15: 1, 16: 0, 17: 0, 18: 0}"
202,18,180,BruteForce,U,0.41167624993249774,{}
203,18,180,BruteForce,S,0.08780062501318753,"{1: 0, 2: 1, 3: 0, 4: 0, 5: 1, 6: 1, 7: 0, 8: 1, 9: 0, 10: 0, 11: 1, 12: 0, 13: 0, 14: 1, 15: 0, 16: 0, 17: 1, 18: 0}"
204,18,180,BruteForce,U,0.36709179100580513,{}
205,18,180,BruteForce,U,0.3921675409656018,{}
206,18,180,BruteForce,S,0.13229924999177456,"{1: 1, 2: 0, 3: 1, 4: 0, 5: 0, 6: 0, 7: 1, 8: 0, 9: 1, 10: 1, 11: 1, 12: 0, 13: 0, 14: 0, 15: 1, 16: 0, 17: 1, 18: 0}"
207,18,180,BruteForce,U,0.31187312491238117,{}
208,18,180,BruteForce,S,0.06315004103817046,"{1: 1, 2: 1, 3: 0, 4: 0, 5: 1, 6: 1, 7: 0, 8: 0, 9: 1, 10: 1, 11: 0, 12: 0, 13: 1, 14: 0, 15: 1, 16: 1, 17: 0, 18: 0}"
209,18,180,BruteForce,U,0.31863879202865064,{}
210,18,180,BruteForce,U,0.3611309160478413,{}
211,20,200,BruteForce,S,0.8062767500523478,"{1: 0, 2: 1, 3: 1, 4: 0, 5: 0, 6: 1, 7: 0, 8: 0, 9: 0, 10: 1, 11: 1, 12: 1, 13: 1, 14: 0, 15: 1, 16: 0, 17: 1, 18: 1, 19: 1, 20: 0}"
212,20,200,BruteForce,U,1.5035729589872062,{}
213,20,200,BruteForce,S,0.034696416929364204,"{1: 0, 2: 0, 3: 0, 4: 0, 5: 1, 6: 1, 7: 0, 8: 0, 9: 1, 10: 1, 11: 0, 12: 0, 13: 1, 14: 1, 15: 1, 16: 0, 17: 0, 18: 0, 19: 0, 20: 0}"
214,20,200,BruteForce,S,0.5052194581367075,"{1: 0, 2: 0, 3: 0, 4: 0, 5: 0, 6: 0, 7: 1, 8: 1, 9: 0, 10: 0, 11: 1, 12: 0, 13: 1, 14: 0, 15: 1, 16: 0, 17: 0, 18: 1, 19: 1, 20: 0}"
215,20,200,BruteForce,U,1.233185375109315,{}
216,20,200,BruteForce,U,1.2587649170309305,{}
217,20,200,BruteForce,S,0.04356550006195903,"{1: 0, 2: 0, 3: 0, 4: 0, 5: 0, 6: 1, 7: 0, 8: 0, 9: 1, 10: 1, 11: 1, 12: 0, 13: 1, 14: 0, 15: 0, 16: 1, 17: 0, 18: 0, 19: 0, 20: 0}"
218,20,200,BruteForce,U,1.7097141668200493,{}
219,20,200,BruteForce,S,0.5851840830873698,"{1: 0, 2: 0, 3: 1, 4: 0, 5: 1, 6: 0, 7: 0, 8: 1, 9: 0, 10: 0, 11: 1, 12: 1, 13: 1, 14: 0, 15: 1, 16: 0, 17: 1, 18: 0, 19: 1, 20: 0}"
220,20,200,BruteForce,U,1.5297815420199186,{}
221,22,220,BruteForce,U,5.304377750027925,{}
222,22,220,BruteForce,U,6.073864083038643,{}
223,22,220,BruteForce,S,3.1791592079680413,"{1: 0, 2: 1, 3: 0, 4: 0, 5: 0, 6: 0, 7: 1, 8: 1, 9: 1, 10: 1, 11: 0, 12: 0, 13: 0, 14: 0, 15: 1, 16: 0, 17: 0, 18: 1, 19: 1, 20: 1, 21: 1, 22: 0}"
224,22,220,BruteForce,U,5.397125416900963,{}
225,22,220,BruteForce,S,3.6631994999479502,"{1: 1, 2: 0, 3: 0, 4: 0, 5: 0, 6: 1, 7: 0, 8: 0, 9: 0, 10: 1, 11: 1, 12: 1, 13: 1, 14: 1, 15: 1, 16: 1, 17: 0, 18: 1, 19: 1, 20: 0, 21: 0, 22: 1}"
226,22,220,BruteForce,U,5.313628583215177,{}
227,22,220,BruteForce,S,1.7636304169427603,"{1: 0, 2: 1, 3: 0, 4: 0, 5: 0, 6: 1, 7: 0, 8: 1, 9: 0, 10: 1, 11: 0, 12: 0, 13: 1, 14: 1, 15: 1, 16: 0, 17: 1, 18: 0, 19: 1, 20: 0, 21: 1, 22: 0}"
228,22,220,BruteForce,U,6.030124542070553,{}
229,22,220,BruteForce,S,3.5953470829408616,"{1: 0, 2: 0, 3: 1, 4: 1, 5: 0, 6: 0, 7: 1, 8: 1, 9: 0, 10: 1, 11: 0, 12: 0, 13: 1, 14: 0, 15: 0, 16: 1, 17: 1, 18: 0, 19: 0, 20: 1, 21: 0, 22: 1}"
230,22,220,BruteForce,U,5.138075542170554,{}
231,24,240,BruteForce,U,20.235637082951143,{}
232,24,240,BruteForce,S,6.479175165994093,"{1: 1, 2: 1, 3: 1, 4: 0, 5: 0, 6: 0, 7: 0, 8: 1, 9: 0, 10: 1, 11: 1, 12: 0, 13: 1, 14: 0, 15: 0, 16: 0, 17: 1, 18: 1, 19: 0, 20: 1, 21: 1, 22: 0, 23: 1, 24: 0}"
233,24,240,BruteForce,U,24.226701500127092,{}
234,24,240,BruteForce,S,6.999509708955884,"{1: 1, 2: 1, 3: 0, 4: 0, 5: 0, 6: 0, 7: 1, 8: 1, 9: 1, 10: 0, 11: 0, 12: 1, 13: 1, 14: 0, 15: 0, 16: 0, 17: 1, 18: 0, 19: 0, 20: 0, 21: 1, 22: 0, 23: 1, 24: 0}"
235,24,240,BruteForce,S,12.716493459185585,"{1: 1, 2: 0, 3: 0, 4: 1, 5: 0, 6: 1, 7: 0, 8: 1, 9: 0, 10: 1, 11: 1, 12: 1, 13: 0, 14: 0, 15: 1, 16: 0, 17: 1, 18: 1, 19: 0, 20: 1, 21: 0, 22: 0, 23: 0, 24: 1}"
236,24,240,BruteForce,U,23.205821625189856,{}
237,24,240,BruteForce,S,7.04263775004074,"{1: 1, 2: 1, 3: 1, 4: 1, 5: 0, 6: 1, 7: 0, 8: 1, 9: 0, 10: 1, 11: 0, 12: 1, 13: 1, 14: 0, 15: 0, 16: 1, 17: 1, 18: 0, 19: 0, 20: 0, 21: 1, 22: 0, 23: 1, 24: 0}"
238,24,240,BruteForce,S,1.0903356252238154,"{1: 0, 2: 1, 3: 0, 4: 1, 5: 1, 6: 1, 7: 0, 8: 1, 9: 0, 10: 1, 11: 0, 12: 0, 13: 1, 14: 0, 15: 1, 16: 1, 17: 0, 18: 1, 19: 0, 20: 1, 21: 0, 22: 0, 23: 0, 24: 0}"
239,24,240,BruteForce,U,21.026254541939124,{}
240,24,240,BruteForce,S,10.682059374870732,"{1: 0, 2: 0, 3: 0, 4: 1, 5: 0, 6: 1, 7: 0, 8: 1, 9: 0, 10: 0, 11: 0, 12: 0, 13: 1, 14: 1, 15: 1, 16: 1, 17: 1, 18: 1, 19: 1, 20: 0, 21: 1, 22: 1, 23: 1, 24: 0}"
241,4,40,BruteForce,S,3.683404065668583e-05,"{1: 1, 2: 0, 3: 1, 4: 0}"
242,4,40,BruteForce,S,6.708083674311638e-06,"{1: 0, 2: 0, 3: 0, 4: 0}"
243,4,40,BruteForce,S,1.2292061001062393e-05,"{1: 1, 2: 1, 3: 1, 4: 0}"
244,4,40,BruteForce,S,4.37488779425621e-06,"{1: 0, 2: 0, 3: 0, 4: 0}"
245,4,40,BruteForce,S,7.2498805820941925e-06,"{1: 0, 2: 1, 3: 0, 4: 0}"
246,4,40,BruteForce,S,4.292000085115433e-06,"{1: 0, 2: 0, 3: 0, 4: 0}"
247,4,40,BruteForce,S,7.750000804662704e-06,"{1: 0, 2: 0, 3: 1, 4: 0}"
248,4,40,BruteForce,S,2.7792062610387802e-05,"{1: 1, 2: 1, 3: 1, 4: 1}"
249,4,40,BruteForce,S,1.4791963621973991e-05,"{1: 0, 2: 1, 3: 1, 4: 0}"
250,4,40,BruteForce,S,6.708083674311638e-06,"{1: 0, 2: 0, 3: 0, 4: 0}"
251,8,80,BruteForce,S,3.3542048186063766e-05,"{1: 1, 2: 1, 3: 1, 4: 0, 5: 0, 6: 0, 7: 0, 8: 0}"
252,8,80,BruteForce,S,1.337495632469654e-05,"{1: 1, 2: 1, 3: 0, 4: 0, 5: 0, 6: 0, 7: 0, 8: 0}"
253,8,80,BruteForce,S,3.187498077750206e-05,"{1: 1, 2: 0, 3: 1, 4: 0, 5: 0, 6: 0, 7: 0, 8: 0}"
254,8,80,BruteForce,S,2.2999942302703857e-05,"{1: 0, 2: 0, 3: 1, 4: 0, 5: 0, 6: 0, 7: 0, 8: 0}"
255,8,80,BruteForce,S,8.391612209379673e-05,"{1: 0, 2: 1, 3: 0, 4: 0, 5: 0, 6: 1, 7: 0, 8: 0}"
256,8,80,BruteForce,S,1.5791039913892746e-05,"{1: 0, 2: 0, 3: 1, 4: 0, 5: 0, 6: 0, 7: 0, 8: 0}"
257,8,80,BruteForce,S,7.816683501005173e-05,"{1: 0, 2: 1, 3: 0, 4: 0, 5: 0, 6: 1, 7: 0, 8: 0}"
258,8,80,BruteForce,S,4.274980165064335e-05,"{1: 0, 2: 0, 3: 0, 4: 0, 5: 1, 6: 0, 7: 0, 8: 0}"
259,8,80,BruteForce,S,7.162499241530895e-05,"{1: 1, 2: 1, 3: 1, 4: 0, 5: 1, 6: 0, 7: 0, 8: 0}"
260,8,80,BruteForce,S,0.0002293749712407589,"{1: 0, 2: 1, 3: 1, 4: 1, 5: 1, 6: 1, 7: 1, 8: 0}"
261,12,120,BruteForce,S,0.0015857918187975883,"{1: 0, 2: 1, 3: 0, 4: 0, 5: 1, 6: 0, 7: 1, 8: 0, 9: 0, 10: 1, 11: 0, 12: 0}"
262,12,120,BruteForce,S,0.0001520831137895584,"{1: 1, 2: 0, 3: 0, 4: 0, 5: 0, 6: 1, 7: 0, 8: 0, 9: 0, 10: 0, 11: 0, 12: 0}"
263,12,120,BruteForce,S,0.00023037497885525227,"{1: 0, 2: 0, 3: 1, 4: 0, 5: 0, 6: 0, 7: 1, 8: 0, 9: 0, 10: 0, 11: 0, 12: 0}"
264,12,120,BruteForce,S,0.0004787500947713852,"{1: 0, 2: 1, 3: 0, 4: 0, 5: 0, 6: 0, 7: 0, 8: 0, 9: 1, 10: 0, 11: 0, 12: 0}"
265,12,120,BruteForce,S,0.00024337507784366608,"{1: 1, 2: 1, 3: 1, 4: 0, 5: 1, 6: 1, 7: 0, 8: 0, 9: 0, 10: 0, 11: 0, 12: 0}"
266,12,120,BruteForce,S,0.0008978338446468115,"{1: 0, 2: 1, 3: 1, 4: 1, 5: 1, 6: 0, 7: 0, 8: 0, 9: 0, 10: 1, 11: 0, 12: 0}"
267,12,120,BruteForce,S,0.00048112496733665466,"{1: 1, 2: 0, 3: 0, 4: 0, 5: 0, 6: 0, 7: 0, 8: 0, 9: 1, 10: 0, 11: 0, 12: 0}"
268,12,120,BruteForce,S,2.550007775425911e-05,"{1: 1, 2: 0, 3: 0, 4: 1, 5: 0, 6: 0, 7: 0, 8: 0, 9: 0, 10: 0, 11: 0, 12: 0}"
269,12,120,BruteForce,S,1.679197885096073e-05,"{1: 0, 2: 1, 3: 0, 4: 0, 5: 0, 6: 0, 7: 0, 8: 0, 9: 0, 10: 0, 11: 0, 12: 0}"
270,12,120,BruteForce,S,0.0020984169095754623,"{1: 0, 2: 1, 3: 0, 4: 1, 5: 0, 6: 0, 7: 0, 8: 0, 9: 0, 10: 0, 11: 1, 12: 0}"
271,16,160,BruteForce,S,0.0003087501972913742,"{1: 0, 2: 0, 3: 1, 4: 0, 5: 1, 6: 1, 7: 0, 8: 0, 9: 0, 10: 0, 11: 0, 12: 0, 13: 0, 14: 0, 15: 0, 16: 0}"
272,16,160,BruteForce,S,0.0005690420512109995,"{1: 0, 2: 1, 3: 0, 4: 0, 5: 1, 6: 1, 7: 0, 8: 0, 9: 1, 10: 0, 11: 0, 12: 0, 13: 0, 14: 0, 15: 0, 16: 0}"
273,16,160,BruteForce,S,0.015796875115484,"{1: 0, 2: 0, 3: 1, 4: 0, 5: 1, 6: 1, 7: 1, 8: 1, 9: 0, 10: 0, 11: 0, 12: 0, 13: 0, 14: 1, 15: 0, 16: 0}"
274,16,160,BruteForce,S,0.000682000070810318,"{1: 0, 2: 1, 3: 1, 4: 1, 5: 0, 6: 0, 7: 0, 8: 0, 9: 1, 10: 0, 11: 0, 12: 0, 13: 0, 14: 0, 15: 0, 16: 0}"
275,16,160,BruteForce,S,0.002151292050257325,"{1: 0, 2: 0, 3: 0, 4: 0, 5: 0, 6: 1, 7: 0, 8: 1, 9: 0, 10: 0, 11: 1, 12: 0, 13: 0, 14: 0, 15: 0, 16: 0}"
276,16,160,BruteForce,S,0.0011012079194188118,"{1: 0, 2: 1, 3: 0, 4: 1, 5: 0, 6: 0, 7: 1, 8: 1, 9: 0, 10: 0, 11: 0, 12: 0, 13: 0, 14: 0, 15: 0, 16: 0}"
277,16,160,BruteForce,S,0.0005184579640626907,"{1: 0, 2: 0, 3: 0, 4: 1, 5: 0, 6: 0, 7: 0, 8: 1, 9: 0, 10: 0, 11: 0, 12: 0, 13: 0, 14: 0, 15: 0, 16: 0}"
278,16,160,BruteForce,S,0.0006969580426812172,"{1: 1, 2: 0, 3: 0, 4: 1, 5: 0, 6: 1, 7: 0, 8: 1, 9: 0, 10: 0, 11: 0, 12: 0, 13: 0, 14: 0, 15: 0, 16: 0}"
279,16,160,BruteForce,S,0.00039924983866512775,"{1: 0, 2: 1, 3: 1, 4: 0, 5: 0, 6: 0, 7: 1, 8: 1, 9: 0, 10: 0, 11: 0, 12: 0, 13: 0, 14: 0, 15: 0, 16: 0}"
280,16,160,BruteForce,S,0.0016649591270834208,"{1: 0, 2: 0, 3: 1, 4: 0, 5: 0, 6: 1, 7: 1, 8: 0, 9: 1, 10: 1, 11: 0, 12: 0, 13: 0, 14: 0, 15: 0, 16: 0}"
281,18,180,BruteForce,S,0.00277345790527761,"{1: 0, 2: 1, 3: 1, 4: 0, 5: 0, 6: 1, 7: 0, 8: 0, 9: 0, 10: 0, 11: 1, 12: 0, 13: 0, 14: 0, 15: 0, 16: 0, 17: 0, 18: 0}"
282,18,180,BruteForce,S,0.00041212490759789944,"{1: 1, 2: 1, 3: 0, 4: 1, 5: 1, 6: 1, 7: 0, 8: 1, 9: 0, 10: 0, 11: 0, 12: 0, 13: 0, 14: 0, 15: 0, 16: 0, 17: 0, 18: 0}"
283,18,180,BruteForce,S,0.0003286250866949558,"{1: 1, 2: 0, 3: 1, 4: 0, 5: 0, 6: 1, 7: 1, 8: 0, 9: 0, 10: 0, 11: 0, 12: 0, 13: 0, 14: 0, 15: 0, 16: 0, 17: 0, 18: 0}"
284,18,180,BruteForce,S,0.002095333067700267,"{1: 1, 2: 1, 3: 1, 4: 0, 5: 0, 6: 1, 7: 1, 8: 0, 9: 0, 10: 0, 11: 1, 12: 0, 13: 0, 14: 0, 15: 0, 16: 0, 17: 0, 18: 0}"
285,18,180,BruteForce,S,0.005637750029563904,"{1: 0, 2: 1, 3: 1, 4: 0, 5: 1, 6: 1, 7: 0, 8: 0, 9: 1, 10: 1, 11: 1, 12: 0, 13: 0, 14: 0, 15: 0, 16: 0, 17: 0, 18: 0}"
286,18,180,BruteForce,S,0.0019100839272141457,"{1: 1, 2: 0, 3: 1, 4: 0, 5: 1, 6: 1, 7: 0, 8: 1, 9: 0, 10: 1, 11: 1, 12: 0, 13: 0, 14: 0, 15: 0, 16: 0, 17: 0, 18: 0}"
287,18,180,BruteForce,S,0.002726375125348568,"{1: 0, 2: 1, 3: 1, 4: 0, 5: 1, 6: 1, 7: 0, 8: 0, 9: 0, 10: 0, 11: 1, 12: 0, 13: 0, 14: 0, 15: 0, 16: 0, 17: 0, 18: 0}"
288,18,180,BruteForce,S,0.00689379102550447,"{1: 1, 2: 1, 3: 0, 4: 1, 5: 1, 6: 1, 7: 0, 8: 0, 9: 0, 10: 1, 11: 1, 12: 1, 13: 0, 14: 0, 15: 0, 16: 0, 17: 0, 18: 0}"
289,18,180,BruteForce,S,0.005172292003408074,"{1: 1, 2: 0, 3: 0, 4: 1, 5: 0, 6: 1, 7: 0, 8: 1, 9: 0, 10: 0, 11: 0, 12: 1, 13: 0, 14: 0, 15: 0, 16: 0, 17: 0, 18: 0}"
290,18,180,BruteForce,S,0.002453374909237027,"{1: 0, 2: 0, 3: 0, 4: 0, 5: 1, 6: 1, 7: 0, 8: 1, 9: 0, 10: 0, 11: 1, 12: 0, 13: 0, 14: 0, 15: 0, 16: 0, 17: 0, 18: 0}"
291,20,200,BruteForce,S,0.06703279097564518,"{1: 0, 2: 1, 3: 0, 4: 0, 5: 1, 6: 0, 7: 1, 8: 0, 9: 0, 10: 0, 11: 0, 12: 1, 13: 0, 14: 0, 15: 1, 16: 0, 17: 0, 18: 0, 19: 0, 20: 0}"
292,20,200,BruteForce,S,0.042563957860693336,"{1: 1, 2: 1, 3: 1, 4: 1, 5: 1, 6: 1, 7: 0, 8: 1, 9: 0, 10: 0, 11: 0, 12: 1, 13: 0, 14: 0, 15: 1, 16: 0, 17: 0, 18: 0, 19: 0, 20: 0}"
293,20,200,BruteForce,S,0.010423415806144476,"{1: 1, 2: 0, 3: 1, 4: 0, 5: 1, 6: 0, 7: 1, 8: 0, 9: 1, 10: 0, 11: 1, 12: 1, 13: 0, 14: 0, 15: 0, 16: 0, 17: 0, 18: 0, 19: 0, 20: 0}"
294,20,200,BruteForce,S,0.0130304170306772,"{1: 0, 2: 1, 3: 1, 4: 1, 5: 0, 6: 0, 7: 0, 8: 1, 9: 0, 10: 0, 11: 0, 12: 0, 13: 1, 14: 0, 15: 0, 16: 0, 17: 0, 18: 0, 19: 0, 20: 0}"
295,20,200,BruteForce,S,0.013794458005577326,"{1: 1, 2: 0, 3: 1, 4: 0, 5: 0, 6: 1, 7: 0, 8: 1, 9: 0, 10: 1, 11: 0, 12: 1, 13: 1, 14: 0, 15: 0, 16: 0, 17: 0, 18: 0, 19: 0, 20: 0}"
296,20,200,BruteForce,S,0.022457375191152096,"{1: 0, 2: 0, 3: 1, 4: 1, 5: 0, 6: 1, 7: 0, 8: 0, 9: 1, 10: 1, 11: 1, 12: 1, 13: 0, 14: 1, 15: 0, 16: 0, 17: 0, 18: 0, 19: 0, 20: 0}"
297,20,200,BruteForce,S,0.013025749940425158,"{1: 0, 2: 0, 3: 0, 4: 1, 5: 0, 6: 0, 7: 1, 8: 0, 9: 1, 10: 0, 11: 1, 12: 0, 13: 1, 14: 0, 15: 0, 16: 0, 17: 0, 18: 0, 19: 0, 20: 0}"
298,20,200,BruteForce,S,0.0031612501479685307,"{1: 0, 2: 0, 3: 0, 4: 0, 5: 0, 6: 0, 7: 0, 8: 1, 9: 0, 10: 0, 11: 1, 12: 0, 13: 0, 14: 0, 15: 0, 16: 0, 17: 0, 18: 0, 19: 0, 20: 0}"
299,20,200,BruteForce,S,0.003647959092631936,"{1: 1, 2: 1, 3: 1, 4: 0, 5: 0, 6: 0, 7: 0, 8: 0, 9: 0, 10: 1, 11: 1, 12: 0, 13: 0, 14: 0, 15: 0, 16: 0, 17: 0, 18: 0, 19: 0, 20: 0}"
300,20,200,BruteForce,S,0.0015412499196827412,"{1: 1, 2: 1, 3: 1, 4: 1, 5: 0, 6: 0, 7: 1, 8: 0, 9: 0, 10: 1, 11: 0, 12: 0, 13: 0, 14: 0, 15: 0, 16: 0, 17: 0, 18: 0, 19: 0, 20: 0}"
301,22,220,BruteForce,S,0.25306079210713506,"{1: 1, 2: 0, 3: 0, 4: 1, 5: 0, 6: 1, 7: 1, 8: 1, 9: 1, 10: 0, 11: 0, 12: 0, 13: 0, 14: 0, 15: 1, 16: 0, 17: 1, 18: 0, 19: 0, 20: 0, 21: 0, 22: 0}"
302,22,220,BruteForce,S,0.28437866596505046,"{1: 0, 2: 1, 3: 1, 4: 1, 5: 1, 6: 1, 7: 1, 8: 1, 9: 1, 10: 1, 11: 1, 12: 1, 13: 0, 14: 0, 15: 0, 16: 0, 17: 0, 18: 1, 19: 0, 20: 0, 21: 0, 22: 0}"
303,22,220,BruteForce,S,0.027276915963739157,"{1: 0, 2: 0, 3: 0, 4: 1, 5: 0, 6: 0, 7: 0, 8: 1, 9: 0, 10: 1, 11: 1, 12: 1, 13: 1, 14: 0, 15: 0, 16: 0, 17: 0, 18: 0, 19: 0, 20: 0, 21: 0, 22: 0}"
304,22,220,BruteForce,S,0.03831383283250034,"{1: 1, 2: 0, 3: 0, 4: 1, 5: 0, 6: 1, 7: 0, 8: 1, 9: 0, 10: 0, 11: 0, 12: 0, 13: 0, 14: 0, 15: 0, 16: 1, 17: 0, 18: 0, 19: 0, 20: 0, 21: 0, 22: 0}"
305,22,220,BruteForce,S,0.0009191669523715973,"{1: 0, 2: 0, 3: 1, 4: 1, 5: 1, 6: 1, 7: 0, 8: 0, 9: 1, 10: 0, 11: 0, 12: 0, 13: 0, 14: 0, 15: 0, 16: 0, 17: 0, 18: 0, 19: 0, 20: 0, 21: 0, 22: 0}"
306,22,220,BruteForce,S,0.002052167197689414,"{1: 0, 2: 0, 3: 0, 4: 1, 5: 1, 6: 1, 7: 0, 8: 1, 9: 1, 10: 0, 11: 0, 12: 0, 13: 0, 14: 0, 15: 0, 16: 0, 17: 0, 18: 0, 19: 0, 20: 0, 21: 0, 22: 0}"
307,22,220,BruteForce,S,0.02113208407536149,"{1: 1, 2: 1, 3: 1, 4: 1, 5: 1, 6: 0, 7: 1, 8: 0, 9: 1, 10: 1, 11: 1, 12: 1, 13: 1, 14: 0, 15: 0, 16: 0, 17: 0, 18: 0, 19: 0, 20: 0, 21: 0, 22: 0}"
308,22,220,BruteForce,S,0.02127466700039804,"{1: 0, 2: 1, 3: 0, 4: 0, 5: 0, 6: 1, 7: 1, 8: 0, 9: 0, 10: 0, 11: 1, 12: 1, 13: 1, 14: 0, 15: 0, 16: 0, 17: 0, 18: 0, 19: 0, 20: 0, 21: 0, 22: 0}"
309,22,220,BruteForce,S,0.013470166828483343,"{1: 0, 2: 0, 3: 0, 4: 1, 5: 0, 6: 0, 7: 0, 8: 1, 9: 1, 10: 1, 11: 1, 12: 0, 13: 1, 14: 0, 15: 0, 16: 0, 17: 0, 18: 0, 19: 0, 20: 0, 21: 0, 22: 0}"
310,22,220,BruteForce,S,0.005573416128754616,"{1: 0, 2: 1, 3: 1, 4: 1, 5: 0, 6: 1, 7: 0, 8: 0, 9: 0, 10: 1, 11: 0, 12: 1, 13: 0, 14: 0, 15: 0, 16: 0, 17: 0, 18: 0, 19: 0, 20: 0, 21: 0, 22: 0}"
311,24,240,BruteForce,S,0.008061707951128483,"{1: 0, 2: 0, 3: 1, 4: 0, 5: 1, 6: 1, 7: 0, 8: 1, 9: 1, 10: 1, 11: 1, 12: 1, 13: 0, 14: 0, 15: 0, 16: 0, 17: 0, 18: 0, 19: 0, 20: 0, 21: 0, 22: 0, 23: 0, 24: 0}"
312,24,240,BruteForce,S,0.05098212487064302,"{1: 0, 2: 0, 3: 1, 4: 0, 5: 1, 6: 0, 7: 0, 8: 0, 9: 1, 10: 0, 11: 1, 12: 0, 13: 1, 14: 0, 15: 1, 16: 0, 17: 0, 18: 0, 19: 0, 20: 0, 21: 0, 22: 0, 23: 0, 24: 0}"
313,24,240,BruteForce,S,0.00015554181300103664,"{1: 0, 2: 1, 3: 0, 4: 0, 5: 1, 6: 0, 7: 0, 8: 0, 9: 0, 10: 0, 11: 0, 12: 0, 13: 0, 14: 0, 15: 0, 16: 0, 17: 0, 18: 0, 19: 0, 20: 0, 21: 0, 22: 0, 23: 0, 24: 0}"
314,24,240,BruteForce,S,0.029512624954804778,"{1: 0, 2: 1, 3: 1, 4: 0, 5: 0, 6: 0, 7: 0, 8: 0, 9: 1, 10: 0, 11: 0, 12: 1, 13: 0, 14: 1, 15: 0, 16: 0, 17: 0, 18: 0, 19: 0, 20: 0, 21: 0, 22: 0, 23: 0, 24: 0}"
315,24,240,BruteForce,S,0.24897666601464152,"{1: 0, 2: 1, 3: 1, 4: 1, 5: 0, 6: 0, 7: 0, 8: 1, 9: 0, 10: 0, 11: 0, 12: 0, 13: 1, 14: 0, 15: 0, 16: 1, 17: 1, 18: 0, 19: 0, 20: 0, 21: 0, 22: 0, 23: 0, 24: 0}"
316,24,240,BruteForce,S,0.02946954104118049,"{1: 0, 2: 1, 3: 1, 4: 0, 5: 0, 6: 1, 7: 1, 8: 0, 9: 0, 10: 0, 11: 1, 12: 1, 13: 1, 14: 0, 15: 0, 16: 0, 17: 0, 18: 0, 19: 0, 20: 0, 21: 0, 22: 0, 23: 0, 24: 0}"
317,24,240,BruteForce,S,0.010039584012702107,"{1: 0, 2: 0, 3: 0, 4: 1, 5: 0, 6: 1, 7: 0, 8: 0, 9: 0, 10: 0, 11: 0, 12: 1, 13: 0, 14: 0, 15: 0, 16: 0, 17: 0, 18: 0, 19: 0, 20: 0, 21: 0, 22: 0, 23: 0, 24: 0}"
318,24,240,BruteForce,S,0.21052220789715648,"{1: 1, 2: 1, 3: 0, 4: 0, 5: 1, 6: 1, 7: 0, 8: 1, 9: 0, 10: 0, 11: 0, 12: 0, 13: 1, 14: 0, 15: 1, 16: 0, 17: 1, 18: 0, 19: 0, 20: 0, 21: 0, 22: 0, 23: 0, 24: 0}"
319,24,240,BruteForce,S,0.043324584141373634,"{1: 0, 2: 1, 3: 1, 4: 0, 5: 0, 6: 1, 7: 0, 8: 1, 9: 0, 10: 1, 11: 0, 12: 0, 13: 0, 14: 1, 15: 0, 16: 0, 17: 0, 18: 0, 19: 0, 20: 0, 21: 0, 22: 0, 23: 0, 24: 0}"
320,24,240,BruteForce,S,0.04182291682809591,"{1: 1, 2: 1, 3: 0, 4: 0, 5: 0, 6: 1, 7: 1, 8: 0, 9: 0, 10: 0, 11: 1, 12: 1, 13: 1, 14: 0, 15: 1, 16: 0, 17: 0, 18: 0, 19: 0, 20: 0, 21: 0, 22: 0, 23: 0, 24: 0}"
321,4,40,BruteForce,S,6.166053935885429e-06,"{1: 0, 2: 0, 3: 0, 4: 0}"
322,4,40,BruteForce,S,6.542075425386429e-06,"{1: 1, 2: 0, 3: 0, 4: 0}"
323,4,40,BruteForce,S,6.9160014390945435e-06,"{1: 0, 2: 0, 3: 0, 4: 0}"
324,4,40,BruteForce,S,4.291068762540817e-06,"{1: 0, 2: 0, 3: 0, 4: 0}"
325,4,40,BruteForce,S,1.020822674036026e-05,"{1: 1, 2: 1, 3: 0, 4: 0}"
326,4,40,BruteForce,S,3.834022209048271e-06,"{1: 0, 2: 0, 3: 0, 4: 0}"
327,4,40,BruteForce,S,3.833090886473656e-06,"{1: 0, 2: 0, 3: 0, 4: 0}"
328,4,40,BruteForce,S,3.95788811147213e-06,"{1: 0, 2: 0, 3: 0, 4: 0}"
329,4,40,BruteForce,S,3.958120942115784e-06,"{1: 0, 2: 0, 3: 0, 4: 0}"
330,4,40,BruteForce,S,8.999835699796677e-06,"{1: 0, 2: 1, 3: 0, 4: 0}"
331,8,80,BruteForce,S,9.832903742790222e-06,"{1: 1, 2: 0, 3: 0, 4: 0, 5: 0, 6: 0, 7: 0, 8: 0}"
332,8,80,BruteForce,S,2.4207867681980133e-05,"{1: 1, 2: 0, 3: 0, 4: 0, 5: 1, 6: 0, 7: 0, 8: 0}"
333,8,80,BruteForce,S,1.237494871020317e-05,"{1: 0, 2: 0, 3: 1, 4: 0, 5: 0, 6: 0, 7: 0, 8: 0}"
334,8,80,BruteForce,S,2.445792779326439e-05,"{1: 0, 2: 1, 3: 1, 4: 0, 5: 0, 6: 0, 7: 0, 8: 0}"
335,8,80,BruteForce,S,1.0124873369932175e-05,"{1: 0, 2: 1, 3: 0, 4: 0, 5: 0, 6: 0, 7: 0, 8: 0}"
336,8,80,BruteForce,S,3.916607238352299e-05,"{1: 0, 2: 1, 3: 1, 4: 1, 5: 1, 6: 0, 7: 0, 8: 0}"
337,8,80,BruteForce,S,7.4999406933784485e-06,"{1: 0, 2: 0, 3: 0, 4: 0, 5: 0, 6: 0, 7: 0, 8: 0}"
338,8,80,BruteForce,S,2.604094333946705e-05,"{1: 0, 2: 0, 3: 1, 4: 0, 5: 0, 6: 0, 7: 0, 8: 0}"
339,8,80,BruteForce,S,1.816614530980587e-05,"{1: 0, 2: 1, 3: 1, 4: 0, 5: 0, 6: 0, 7: 0, 8: 0}"
340,8,80,BruteForce,S,1.7666956409811974e-05,"{1: 1, 2: 0, 3: 0, 4: 0, 5: 0, 6: 0, 7: 0, 8: 0}"
341,12,120,BruteForce,S,3.80838755518198e-05,"{1: 1, 2: 0, 3: 1, 4: 0, 5: 0, 6: 0, 7: 0, 8: 0, 9: 0, 10: 0, 11: 0, 12: 0}"
342,12,120,BruteForce,S,3.133388236165047e-05,"{1: 0, 2: 0, 3: 1, 4: 0, 5: 0, 6: 0, 7: 0, 8: 0, 9: 0, 10: 0, 11: 0, 12: 0}"
343,12,120,BruteForce,S,0.00013154209591448307,"{1: 0, 2: 0, 3: 1, 4: 1, 5: 0, 6: 1, 7: 0, 8: 0, 9: 0, 10: 0, 11: 0, 12: 0}"
344,12,120,BruteForce,S,1.254212111234665e-05,"{1: 1, 2: 1, 3: 0, 4: 0, 5: 0, 6: 0, 7: 0, 8: 0, 9: 0, 10: 0, 11: 0, 12: 0}"
345,12,120,BruteForce,S,7.579103112220764e-05,"{1: 0, 2: 0, 3: 1, 4: 0, 5: 1, 6: 0, 7: 0, 8: 0, 9: 0, 10: 0, 11: 0, 12: 0}"
346,12,120,BruteForce,S,2.1709129214286804e-05,"{1: 0, 2: 1, 3: 0, 4: 0, 5: 0, 6: 0, 7: 0, 8: 0, 9: 0, 10: 0, 11: 0, 12: 0}"
347,12,120,BruteForce,S,1.2833159416913986e-05,"{1: 0, 2: 0, 3: 0, 4: 0, 5: 0, 6: 0, 7: 0, 8: 0, 9: 0, 10: 0, 11: 0, 12: 0}"
348,12,120,BruteForce,S,7.650000043213367e-05,"{1: 0, 2: 0, 3: 1, 4: 1, 5: 0, 6: 0, 7: 0, 8: 0, 9: 0, 10: 0, 11: 0, 12: 0}"
349,12,120,BruteForce,S,0.00018812506459653378,"{1: 0, 2: 1, 3: 1, 4: 0, 5: 0, 6: 0, 7: 1, 8: 0, 9: 0, 10: 0, 11: 0, 12: 0}"
350,12,120,BruteForce,S,2.3707980290055275e-05,"{1: 0, 2: 0, 3: 0, 4: 0, 5: 0, 6: 0, 7: 0, 8: 0, 9: 0, 10: 0, 11: 0, 12: 0}"
351,16,160,BruteForce,S,0.0005082909483462572,"{1: 0, 2: 1, 3: 1, 4: 1, 5: 0, 6: 0, 7: 0, 8: 1, 9: 0, 10: 0, 11: 0, 12: 0, 13: 0, 14: 0, 15: 0, 16: 0}"
352,16,160,BruteForce,S,9.170896373689175e-05,"{1: 1, 2: 1, 3: 1, 4: 0, 5: 1, 6: 0, 7: 0, 8: 0, 9: 0, 10: 0, 11: 0, 12: 0, 13: 0, 14: 0, 15: 0, 16: 0}"
353,16,160,BruteForce,S,7.375003769993782e-05,"{1: 1, 2: 0, 3: 0, 4: 0, 5: 0, 6: 1, 7: 0, 8: 0, 9: 0, 10: 0, 11: 0, 12: 0, 13: 0, 14: 0, 15: 0, 16: 0}"
354,16,160,BruteForce,S,0.00013779103755950928,"{1: 0, 2: 1, 3: 1, 4: 1, 5: 0, 6: 0, 7: 0, 8: 0, 9: 0, 10: 0, 11: 0, 12: 0, 13: 0, 14: 0, 15: 0, 16: 0}"
355,16,160,BruteForce,S,0.00015983404591679573,"{1: 0, 2: 1, 3: 0, 4: 0, 5: 0, 6: 1, 7: 0, 8: 0, 9: 0, 10: 0, 11: 0, 12: 0, 13: 0, 14: 0, 15: 0, 16: 0}"
356,16,160,BruteForce,S,0.00026124995201826096,"{1: 1, 2: 1, 3: 0, 4: 1, 5: 0, 6: 1, 7: 1, 8: 0, 9: 0, 10: 0, 11: 0, 12: 0, 13: 0, 14: 0, 15: 0, 16: 0}"
357,16,160,BruteForce,S,0.0028217078652232885,"{1: 0, 2: 1, 3: 1, 4: 1, 5: 0, 6: 0, 7: 0, 8: 1, 9: 0, 10: 1, 11: 0, 12: 0, 13: 0, 14: 0, 15: 0, 16: 0}"
358,16,160,BruteForce,S,0.00019975006580352783,"{1: 1, 2: 0, 3: 0, 4: 0, 5: 1, 6: 1, 7: 0, 8: 0, 9: 0, 10: 0, 11: 0, 12: 0, 13: 0, 14: 0, 15: 0, 16: 0}"
359,16,160,BruteForce,S,0.00013812514953315258,"{1: 0, 2: 0, 3: 1, 4: 0, 5: 1, 6: 0, 7: 0, 8: 0, 9: 0, 10: 0, 11: 0, 12: 0, 13: 0, 14: 0, 15: 0, 16: 0}"
360,16,160,BruteForce,S,4.554190672934055e-05,"{1: 1, 2: 1, 3: 0, 4: 0, 5: 0, 6: 0, 7: 0, 8: 0, 9: 0, 10: 0, 11: 0, 12: 0, 13: 0, 14: 0, 15: 0, 16: 0}"
361,18,180,BruteForce,S,0.0023127079475671053,"{1: 0, 2: 0, 3: 0, 4: 1, 5: 0, 6: 0, 7: 0, 8: 0, 9: 0, 10: 1, 11: 0, 12: 0, 13: 0, 14: 0, 15: 0, 16: 0, 17: 0, 18: 0}"
362,18,180,BruteForce,S,2.6624882593750954e-05,"{1: 1, 2: 0, 3: 0, 4: 0, 5: 0, 6: 0, 7: 0, 8: 0, 9: 0, 10: 0, 11: 0, 12: 0, 13: 0, 14: 0, 15: 0, 16: 0, 17: 0, 18: 0}"
363,18,180,BruteForce,S,6.154202856123447e-05,"{1: 0, 2: 1, 3: 0, 4: 0, 5: 1, 6: 0, 7: 0, 8: 0, 9: 0, 10: 0, 11: 0, 12: 0, 13: 0, 14: 0, 15: 0, 16: 0, 17: 0, 18: 0}"
364,18,180,BruteForce,S,2.6792054995894432e-05,"{1: 0, 2: 0, 3: 1, 4: 0, 5: 0, 6: 0, 7: 0, 8: 0, 9: 0, 10: 0, 11: 0, 12: 0, 13: 0, 14: 0, 15: 0, 16: 0, 17: 0, 18: 0}"
365,18,180,BruteForce,S,0.00042033311910927296,"{1: 0, 2: 0, 3: 0, 4: 1, 5: 0, 6: 0, 7: 0, 8: 1, 9: 0, 10: 0, 11: 0, 12: 0, 13: 0, 14: 0, 15: 0, 16: 0, 17: 0, 18: 0}"
366,18,180,BruteForce,S,0.00023283390328288078,"{1: 0, 2: 1, 3: 0, 4: 0, 5: 1, 6: 0, 7: 1, 8: 0, 9: 0, 10: 0, 11: 0, 12: 0, 13: 0, 14: 0, 15: 0, 16: 0, 17: 0, 18: 0}"
367,18,180,BruteForce,S,2.4290988221764565e-05,"{1: 0, 2: 1, 3: 0, 4: 0, 5: 0, 6: 0, 7: 0, 8: 0, 9: 0, 10: 0, 11: 0, 12: 0, 13: 0, 14: 0, 15: 0, 16: 0, 17: 0, 18: 0}"
368,18,180,BruteForce,S,4.3667154386639595e-05,"{1: 0, 2: 0, 3: 0, 4: 0, 5: 1, 6: 0, 7: 0, 8: 0, 9: 0, 10: 0, 11: 0, 12: 0, 13: 0, 14: 0, 15: 0, 16: 0, 17: 0, 18: 0}"
369,18,180,BruteForce,S,4.729186184704304e-05,"{1: 0, 2: 1, 3: 1, 4: 0, 5: 0, 6: 0, 7: 0, 8: 0, 9: 0, 10: 0, 11: 0, 12: 0, 13: 0, 14: 0, 15: 0, 16: 0, 17: 0, 18: 0}"
370,18,180,BruteForce,S,5.6833960115909576e-05,"{1: 1, 2: 0, 3: 0, 4: 0, 5: 1, 6: 0, 7: 0, 8: 0, 9: 0, 10: 0, 11: 0, 12: 0, 13: 0, 14: 0, 15: 0, 16: 0, 17: 0, 18: 0}"
371,20,200,BruteForce,S,0.0010445411317050457,"{1: 1, 2: 0, 3: 1, 4: 0, 5: 1, 6: 1, 7: 1, 8: 1, 9: 0, 10: 0, 11: 0, 12: 0, 13: 0, 14: 0, 15: 0, 16: 0, 17: 0, 18: 0, 19: 0, 20: 0}"
372,20,200,BruteForce,S,0.001313915941864252,"{1: 1, 2: 0, 3: 1, 4: 1, 5: 0, 6: 1, 7: 0, 8: 1, 9: 1, 10: 0, 11: 0, 12: 0, 13: 0, 14: 0, 15: 0, 16: 0, 17: 0, 18: 0, 19: 0, 20: 0}"
373,20,200,BruteForce,S,0.000948083121329546,"{1: 1, 2: 0, 3: 0, 4: 0, 5: 1, 6: 0, 7: 0, 8: 0, 9: 1, 10: 0, 11: 0, 12: 0, 13: 0, 14: 0, 15: 0, 16: 0, 17: 0, 18: 0, 19: 0, 20: 0}"
374,20,200,BruteForce,S,5.541602149605751e-05,"{1: 0, 2: 1, 3: 1, 4: 0, 5: 0, 6: 0, 7: 0, 8: 0, 9: 0, 10: 0, 11: 0, 12: 0, 13: 0, 14: 0, 15: 0, 16: 0, 17: 0, 18: 0, 19: 0, 20: 0}"
375,20,200,BruteForce,S,0.0003344169817864895,"{1: 1, 2: 1, 3: 0, 4: 0, 5: 1, 6: 0, 7: 1, 8: 0, 9: 0, 10: 0, 11: 0, 12: 0, 13: 0, 14: 0, 15: 0, 16: 0, 17: 0, 18: 0, 19: 0, 20: 0}"
376,20,200,BruteForce,S,0.003046999918296933,"{1: 1, 2: 0, 3: 0, 4: 0, 5: 0, 6: 0, 7: 0, 8: 0, 9: 0, 10: 0, 11: 1, 12: 0, 13: 0, 14: 0, 15: 0, 16: 0, 17: 0, 18: 0, 19: 0, 20: 0}"
377,20,200,BruteForce,S,0.0010982078965753317,"{1: 0, 2: 1, 3: 1, 4: 0, 5: 0, 6: 0, 7: 1, 8: 0, 9: 1, 10: 0, 11: 0, 12: 0, 13: 0, 14: 0, 15: 0, 16: 0, 17: 0, 18: 0, 19: 0, 20: 0}"
378,20,200,BruteForce,S,0.020172624848783016,"{1: 0, 2: 0, 3: 0, 4: 0, 5: 0, 6: 1, 7: 0, 8: 1, 9: 0, 10: 1, 11: 0, 12: 0, 13: 1, 14: 0, 15: 0, 16: 0, 17: 0, 18: 0, 19: 0, 20: 0}"
379,20,200,BruteForce,S,0.0008994168601930141,"{1: 1, 2: 0, 3: 0, 4: 0, 5: 1, 6: 1, 7: 0, 8: 1, 9: 0, 10: 0, 11: 0, 12: 0, 13: 0, 14: 0, 15: 0, 16: 0, 17: 0, 18: 0, 19: 0, 20: 0}"
380,20,200,BruteForce,S,0.0004548327997326851,"{1: 0, 2: 0, 3: 1, 4: 1, 5: 1, 6: 0, 7: 1, 8: 0, 9: 0, 10: 0, 11: 0, 12: 0, 13: 0, 14: 0, 15: 0, 16: 0, 17: 0, 18: 0, 19: 0, 20: 0}"
381,22,220,BruteForce,S,0.0018272078596055508,"{1: 1, 2: 0, 3: 0, 4: 0, 5: 0, 6: 0, 7: 1, 8: 0, 9: 1, 10: 0, 11: 0, 12: 0, 13: 0, 14: 0, 15: 0, 16: 0, 17: 0, 18: 0, 19: 0, 20: 0, 21: 0, 22: 0}"
382,22,220,BruteForce,S,0.0029620411805808544,"{1: 0, 2: 1, 3: 1, 4: 0, 5: 0, 6: 1, 7: 0, 8: 0, 9: 1, 10: 1, 11: 0, 12: 0, 13: 0, 14: 0, 15: 0, 16: 0, 17: 0, 18: 0, 19: 0, 20: 0, 21: 0, 22: 0}"
383,22,220,BruteForce,S,0.0006466670893132687,"{1: 1, 2: 0, 3: 1, 4: 0, 5: 0, 6: 1, 7: 1, 8: 1, 9: 0, 10: 0, 11: 0, 12: 0, 13: 0, 14: 0, 15: 0, 16: 0, 17: 0, 18: 0, 19: 0, 20: 0, 21: 0, 22: 0}"
384,22,220,BruteForce,S,0.012176833115518093,"{1: 1, 2: 1, 3: 0, 4: 0, 5: 0, 6: 0, 7: 1, 8: 1, 9: 0, 10: 0, 11: 0, 12: 0, 13: 1, 14: 0, 15: 0, 16: 0, 17: 0, 18: 0, 19: 0, 20: 0, 21: 0, 22: 0}"
385,22,220,BruteForce,S,2.2750115022063255e-05,"{1: 0, 2: 0, 3: 0, 4: 0, 5: 0, 6: 0, 7: 0, 8: 0, 9: 0, 10: 0, 11: 0, 12: 0, 13: 0, 14: 0, 15: 0, 16: 0, 17: 0, 18: 0, 19: 0, 20: 0, 21: 0, 22: 0}"
386,22,220,BruteForce,S,0.007605874910950661,"{1: 1, 2: 0, 3: 0, 4: 1, 5: 1, 6: 0, 7: 0, 8: 0, 9: 0, 10: 1, 11: 0, 12: 1, 13: 0, 14: 0, 15: 0, 16: 0, 17: 0, 18: 0, 19: 0, 20: 0, 21: 0, 22: 0}"
387,22,220,BruteForce,S,0.002020166954025626,"{1: 1, 2: 1, 3: 1, 4: 0, 5: 1, 6: 1, 7: 0, 8: 1, 9: 1, 10: 0, 11: 0, 12: 0, 13: 0, 14: 0, 15: 0, 16: 0, 17: 0, 18: 0, 19: 0, 20: 0, 21: 0, 22: 0}"
388,22,220,BruteForce,S,0.00024358299560844898,"{1: 0, 2: 0, 3: 0, 4: 0, 5: 1, 6: 0, 7: 0, 8: 1, 9: 0, 10: 0, 11: 0, 12: 0, 13: 0, 14: 0, 15: 0, 16: 0, 17: 0, 18: 0, 19: 0, 20: 0, 21: 0, 22: 0}"
389,22,220,BruteForce,S,0.00016495888121426105,"{1: 1, 2: 0, 3: 0, 4: 0, 5: 0, 6: 1, 7: 0, 8: 0, 9: 0, 10: 0, 11: 0, 12: 0, 13: 0, 14: 0, 15: 0, 16: 0, 17: 0, 18: 0, 19: 0, 20: 0, 21: 0, 22: 0}"
390,22,220,BruteForce,S,0.000757790869101882,"{1: 0, 2: 1, 3: 1, 4: 0, 5: 0, 6: 0, 7: 0, 8: 0, 9: 1, 10: 0, 11: 0, 12: 0, 13: 0, 14: 0, 15: 0, 16: 0, 17: 0, 18: 0, 19: 0, 20: 0, 21: 0, 22: 0}"
391,24,240,BruteForce,S,0.00013508298434317112,"{1: 0, 2: 1, 3: 0, 4: 0, 5: 1, 6: 0, 7: 0, 8: 0, 9: 0, 10: 0, 11: 0, 12: 0, 13: 0, 14: 0, 15: 0, 16: 0, 17: 0, 18: 0, 19: 0, 20: 0, 21: 0, 22: 0, 23: 0, 24: 0}"
392,24,240,BruteForce,S,7.449998520314693e-05,"{1: 1, 2: 0, 3: 1, 4: 0, 5: 0, 6: 0, 7: 0, 8: 0, 9: 0, 10: 0, 11: 0, 12: 0, 13: 0, 14: 0, 15: 0, 16: 0, 17: 0, 18: 0, 19: 0, 20: 0, 21: 0, 22: 0, 23: 0, 24: 0}"
393,24,240,BruteForce,S,7.345806807279587e-05,"{1: 0, 2: 1, 3: 1, 4: 0, 5: 0, 6: 0, 7: 0, 8: 0, 9: 0, 10: 0, 11: 0, 12: 0, 13: 0, 14: 0, 15: 0, 16: 0, 17: 0, 18: 0, 19: 0, 20: 0, 21: 0, 22: 0, 23: 0, 24: 0}"
394,24,240,BruteForce,S,4.5042019337415695e-05,"{1: 0, 2: 1, 3: 0, 4: 0, 5: 0, 6: 0, 7: 0, 8: 0, 9: 0, 10: 0, 11: 0, 12: 0, 13: 0, 14: 0, 15: 0, 16: 0, 17: 0, 18: 0, 19: 0, 20: 0, 21: 0, 22: 0, 23: 0, 24: 0}"
395,24,240,BruteForce,S,0.00022108317352831364,"{1: 1, 2: 1, 3: 0, 4: 1, 5: 1, 6: 0, 7: 0, 8: 0, 9: 0, 10: 0, 11: 0, 12: 0, 13: 0, 14: 0, 15: 0, 16: 0, 17: 0, 18: 0, 19: 0, 20: 0, 21: 0, 22: 0, 23: 0, 24: 0}"
396,24,240,BruteForce,S,0.0006883749738335609,"{1: 1, 2: 0, 3: 0, 4: 0, 5: 1, 6: 1, 7: 1, 8: 0, 9: 0, 10: 0, 11: 0, 12: 0, 13: 0, 14: 0, 15: 0, 16: 0, 17: 0, 18: 0, 19: 0, 20: 0, 21: 0, 22: 0, 23: 0, 24: 0}"
397,24,240,BruteForce,S,9.583402425050735e-05,"{1: 0, 2: 1, 3: 1, 4: 0, 5: 0, 6: 0, 7: 0, 8: 0, 9: 0, 10: 0, 11: 0, 12: 0, 13: 0, 14: 0, 15: 0, 16: 0, 17: 0, 18: 0, 19: 0, 20: 0, 21: 0, 22: 0, 23: 0, 24: 0}"
398,24,240,BruteForce,S,0.018852708861231804,"{1: 0, 2: 0, 3: 0, 4: 1, 5: 0, 6: 0, 7: 0, 8: 1, 9: 0, 10: 0, 11: 1, 12: 1, 13: 0, 14: 0, 15: 0, 16: 0, 17: 0, 18: 0, 19: 0, 20: 0, 21: 0, 22: 0, 23: 0, 24: 0}"
399,24,240,BruteForce,S,0.016027375124394894,"{1: 1, 2: 0, 3: 0, 4: 0, 5: 0, 6: 0, 7: 0, 8: 0, 9: 0, 10: 0, 11: 0, 12: 1, 13: 0, 14: 0, 15: 0, 16: 0, 17: 0, 18: 0, 19: 0, 20: 0, 21: 0, 22: 0, 23: 0, 24: 0}"
400,24,240,BruteForce,S,0.0012016668915748596,"{1: 1, 2: 0, 3: 1, 4: 1, 5: 1, 6: 0, 7: 0, 8: 1, 9: 1, 10: 0, 11: 0, 12: 0, 13: 0, 14: 0, 15: 0, 16: 0, 17: 0, 18: 0, 19: 0, 20: 0, 21: 0, 22: 0, 23: 0, 24: 0}"
